ride_id,time_of_day,weather,location_type,demand_level,surge_multiplier_class
1,evening,snowy,airport,high,high
2,night,cloudy,airport,low,medium
3,morning,rainy,airport,high,high
4,evening,cloudy,suburbs,high,medium
5,evening,cloudy,suburbs,low,low
6,night,snowy,suburbs,high,medium
7,morning,cloudy,airport,medium,medium
8,morning,snowy,suburbs,low,medium
9,evening,clear,downtown,medium,medium
10,afternoon,clear,downtown,low,low
11,evening,snowy,suburbs,high,high
12,evening,clear,downtown,high,medium
13,evening,rainy,downtown,high,high
14,evening,cloudy,airport,low,medium
15,night,rainy,suburbs,medium,medium
16,morning,cloudy,suburbs,medium,medium
17,night,clear,airport,low,low
18,night,rainy,downtown,low,medium
19,night,clear,downtown,medium,low
20,evening,cloudy,suburbs,medium,medium
21,afternoon,snowy,downtown,medium,medium
22,morning,snowy,airport,medium,high
23,afternoon,rainy,airport,low,medium
24,night,clear,suburbs,low,low
25,night,clear,airport,high,medium
26,afternoon,rainy,airport,medium,medium
27,afternoon,snowy,suburbs,high,medium
28,afternoon,cloudy,airport,low,medium
29,night,rainy,airport,low,medium
30,night,cloudy,airport,high,medium
31,morning,snowy,downtown,medium,high
32,morning,clear,suburbs,medium,low
33,night,snowy,suburbs,medium,medium
34,afternoon,rainy,suburbs,medium,medium
35,afternoon,clear,downtown,high,medium
36,morning,rainy,downtown,high,high
37,night,rainy,suburbs,low,low
38,morning,snowy,downtown,medium,high
39,morning,rainy,suburbs,medium,medium
40,evening,snowy,downtown,medium,high
41,evening,clear,airport,high,medium
42,evening,snowy,airport,medium,high
43,afternoon,clear,suburbs,high,low
44,night,snowy,downtown,medium,medium
45,night,cloudy,downtown,medium,medium
46,night,cloudy,airport,low,medium
47,night,rainy,airport,medium,medium
48,evening,snowy,downtown,medium,high
49,afternoon,snowy,downtown,low,medium
50,afternoon,clear,downtown,high,medium
51,evening,rainy,downtown,high,high
52,afternoon,snowy,downtown,medium,medium
53,evening,rainy,downtown,high,high
54,night,cloudy,suburbs,medium,low
55,evening,snowy,downtown,low,medium
56,night,snowy,airport,low,medium
57,night,rainy,suburbs,medium,medium
58,morning,snowy,downtown,low,medium
59,evening,rainy,airport,low,medium
60,morning,snowy,suburbs,medium,medium
61,evening,clear,airport,medium,medium
62,evening,rainy,downtown,low,medium
63,morning,snowy,downtown,high,high
64,morning,cloudy,downtown,high,medium
65,evening,snowy,downtown,medium,high
66,afternoon,cloudy,suburbs,medium,low
67,night,cloudy,suburbs,high,medium
68,morning,clear,airport,low,medium
69,night,rainy,downtown,high,medium
70,afternoon,snowy,airport,high,high
71,afternoon,clear,suburbs,high,low
72,afternoon,snowy,downtown,high,high
73,morning,cloudy,downtown,medium,medium
74,afternoon,rainy,suburbs,medium,medium
75,morning,snowy,suburbs,low,medium
76,afternoon,snowy,suburbs,low,medium
77,night,cloudy,suburbs,low,low
78,night,snowy,suburbs,low,medium
79,evening,snowy,downtown,high,high
80,night,cloudy,suburbs,medium,low
81,evening,clear,downtown,medium,medium
82,night,cloudy,downtown,low,low
83,morning,clear,suburbs,low,low
84,night,rainy,suburbs,high,medium
85,evening,clear,downtown,high,medium
86,evening,clear,suburbs,low,low
87,afternoon,rainy,suburbs,medium,medium
88,morning,clear,suburbs,medium,low
89,night,cloudy,airport,medium,medium
90,afternoon,clear,downtown,low,low
91,night,rainy,airport,medium,medium
92,night,cloudy,suburbs,high,medium
93,afternoon,rainy,airport,high,high
94,afternoon,rainy,suburbs,low,low
95,afternoon,snowy,airport,high,high
96,afternoon,snowy,suburbs,low,medium
97,afternoon,rainy,airport,medium,medium
98,night,rainy,airport,medium,medium
99,afternoon,rainy,airport,medium,medium
100,morning,snowy,downtown,high,high
101,evening,snowy,airport,low,high
102,afternoon,clear,downtown,medium,low
103,afternoon,clear,suburbs,low,low
104,night,rainy,airport,medium,medium
105,afternoon,cloudy,suburbs,high,medium
106,afternoon,cloudy,suburbs,high,medium
107,afternoon,snowy,airport,low,medium
108,night,snowy,downtown,high,high
109,afternoon,snowy,airport,high,high
110,evening,rainy,suburbs,low,medium
111,night,cloudy,suburbs,medium,low
112,evening,clear,airport,high,medium
113,night,rainy,downtown,low,medium
114,afternoon,clear,downtown,high,medium
115,evening,clear,suburbs,high,medium
116,night,rainy,suburbs,high,medium
117,morning,clear,downtown,high,medium
118,afternoon,cloudy,airport,low,medium
119,night,clear,suburbs,low,low
120,morning,cloudy,downtown,low,medium
121,night,cloudy,suburbs,high,medium
122,morning,cloudy,airport,high,high
123,afternoon,snowy,downtown,high,high
124,evening,clear,suburbs,low,low
125,morning,rainy,airport,high,high
126,night,rainy,suburbs,medium,medium
127,afternoon,clear,airport,high,medium
128,morning,snowy,airport,medium,high
129,night,snowy,downtown,high,high
130,night,cloudy,airport,low,medium
131,night,clear,suburbs,high,low
132,morning,clear,airport,medium,medium
133,morning,rainy,airport,medium,high
134,morning,clear,downtown,high,medium
135,evening,snowy,airport,medium,high
136,morning,clear,airport,medium,medium
137,morning,rainy,suburbs,low,medium
138,morning,cloudy,downtown,high,medium
139,evening,rainy,downtown,high,high
140,morning,rainy,downtown,high,high
141,night,cloudy,airport,medium,medium
142,morning,rainy,downtown,high,high
143,night,rainy,airport,high,high
144,night,clear,airport,low,low
145,night,clear,suburbs,low,low
146,evening,cloudy,suburbs,low,low
147,evening,clear,suburbs,medium,low
148,evening,clear,suburbs,high,low
149,morning,rainy,suburbs,low,low
150,night,snowy,airport,low,low
151,evening,clear,airport,low,low
152,evening,snowy,downtown,high,high
153,morning,clear,airport,high,medium
154,evening,clear,airport,high,medium
155,morning,cloudy,suburbs,medium,medium
156,afternoon,cloudy,airport,medium,medium
157,evening,cloudy,suburbs,low,low
158,afternoon,snowy,downtown,high,high
159,morning,rainy,downtown,low,medium
160,night,clear,airport,high,medium
161,evening,clear,downtown,high,medium
162,morning,clear,airport,high,medium
163,night,snowy,downtown,medium,medium
164,night,cloudy,suburbs,medium,low
165,afternoon,rainy,suburbs,high,medium
166,morning,snowy,suburbs,low,medium
167,night,cloudy,suburbs,high,medium
168,evening,snowy,airport,high,high
169,evening,rainy,downtown,low,medium
170,afternoon,cloudy,airport,high,medium
171,night,snowy,suburbs,low,medium
172,morning,rainy,airport,medium,high
173,evening,clear,downtown,medium,medium
174,night,rainy,airport,low,medium
175,night,clear,downtown,medium,low
176,afternoon,snowy,airport,medium,high
177,evening,cloudy,downtown,low,medium
178,evening,cloudy,downtown,medium,medium
179,morning,snowy,suburbs,high,high
180,evening,cloudy,downtown,high,medium
181,morning,cloudy,suburbs,low,low
182,evening,clear,suburbs,medium,low
183,afternoon,snowy,suburbs,high,medium
184,evening,rainy,airport,high,high
185,morning,clear,airport,medium,medium
186,morning,snowy,airport,medium,high
187,afternoon,clear,airport,high,medium
188,evening,rainy,downtown,high,high
189,evening,rainy,downtown,low,medium
190,afternoon,snowy,airport,low,medium
191,evening,rainy,downtown,high,high
192,evening,clear,downtown,low,low
193,morning,rainy,suburbs,high,medium
194,evening,clear,suburbs,high,medium
195,evening,clear,suburbs,low,low
196,afternoon,rainy,suburbs,low,low
197,afternoon,snowy,downtown,medium,medium
198,night,cloudy,airport,medium,medium
199,morning,rainy,downtown,medium,medium
200,evening,clear,downtown,high,medium
201,evening,clear,downtown,low,low
202,night,rainy,suburbs,high,medium
203,evening,snowy,suburbs,low,medium
204,morning,snowy,suburbs,high,high
205,night,clear,airport,medium,medium
206,morning,clear,downtown,medium,medium
207,night,snowy,airport,medium,high
208,night,cloudy,suburbs,high,medium
209,afternoon,rainy,airport,low,medium
210,morning,clear,downtown,low,low
211,evening,clear,downtown,medium,medium
212,evening,snowy,suburbs,medium,medium
213,morning,rainy,suburbs,medium,medium
214,evening,snowy,airport,medium,high
215,evening,rainy,suburbs,low,medium
216,morning,rainy,suburbs,high,medium
217,night,rainy,downtown,high,medium
218,morning,clear,suburbs,high,medium
219,night,cloudy,suburbs,high,medium
220,evening,snowy,downtown,medium,high
221,evening,cloudy,downtown,medium,medium
222,evening,snowy,airport,medium,high
223,afternoon,rainy,suburbs,high,medium
224,night,clear,downtown,medium,low
225,afternoon,cloudy,airport,medium,medium
226,afternoon,clear,airport,low,low
227,morning,snowy,suburbs,low,medium
228,afternoon,clear,suburbs,medium,low
229,morning,clear,airport,low,medium
230,morning,cloudy,downtown,low,medium
231,afternoon,rainy,airport,medium,medium
232,night,clear,suburbs,medium,low
233,night,rainy,downtown,medium,medium
234,night,snowy,downtown,medium,medium
235,night,clear,airport,high,medium
236,night,cloudy,suburbs,high,medium
237,afternoon,snowy,airport,medium,high
238,afternoon,snowy,airport,low,medium
239,evening,cloudy,airport,medium,medium
240,night,clear,downtown,medium,low
241,afternoon,clear,downtown,low,low
242,evening,snowy,suburbs,high,high
243,night,clear,suburbs,medium,low
244,morning,rainy,airport,medium,high
245,evening,cloudy,airport,high,high
246,afternoon,rainy,airport,high,high
247,morning,clear,suburbs,low,low
248,morning,snowy,downtown,high,high
249,morning,cloudy,downtown,high,medium
250,evening,clear,airport,high,medium
251,afternoon,clear,airport,low,low
252,morning,snowy,airport,high,high
253,night,snowy,airport,high,high
254,morning,rainy,suburbs,low,medium
255,morning,cloudy,downtown,high,medium
256,evening,cloudy,airport,high,high
257,evening,snowy,suburbs,low,medium
258,afternoon,rainy,airport,medium,medium
259,night,cloudy,airport,low,medium
260,evening,snowy,downtown,high,high
261,morning,clear,airport,high,medium
262,afternoon,cloudy,downtown,high,medium
263,morning,rainy,downtown,low,medium
264,morning,rainy,downtown,high,high
265,evening,rainy,suburbs,high,medium
266,afternoon,clear,suburbs,low,low
267,night,cloudy,downtown,medium,medium
268,night,cloudy,airport,medium,medium
269,evening,clear,downtown,high,medium
270,evening,cloudy,airport,low,medium
271,afternoon,clear,downtown,high,medium
272,night,clear,airport,low,low
273,night,clear,suburbs,low,low
274,night,rainy,airport,medium,medium
275,morning,cloudy,downtown,medium,medium
276,night,clear,suburbs,low,low
277,morning,cloudy,airport,high,high
278,afternoon,rainy,airport,medium,medium
279,morning,clear,airport,high,medium
280,afternoon,snowy,airport,medium,high
281,night,rainy,airport,medium,medium
282,night,snowy,suburbs,high,medium
283,afternoon,cloudy,suburbs,medium,low
284,evening,cloudy,suburbs,medium,medium
285,afternoon,rainy,suburbs,high,medium
286,evening,cloudy,downtown,medium,medium
287,morning,snowy,suburbs,medium,medium
288,morning,clear,airport,medium,medium
289,morning,clear,airport,high,medium
290,night,clear,suburbs,low,low
291,morning,rainy,airport,high,high
292,evening,cloudy,suburbs,low,low
293,morning,snowy,airport,medium,high
294,afternoon,cloudy,downtown,low,low
295,afternoon,cloudy,downtown,high,medium
296,night,cloudy,suburbs,high,medium
297,afternoon,clear,suburbs,medium,low
298,evening,snowy,suburbs,low,medium
299,morning,snowy,airport,medium,high
300,night,cloudy,suburbs,medium,low
301,morning,clear,downtown,high,medium
302,morning,clear,airport,low,medium
303,evening,snowy,suburbs,low,medium
304,afternoon,clear,airport,low,low
305,afternoon,clear,airport,low,low
306,morning,clear,suburbs,medium,low
307,night,rainy,airport,medium,medium
308,afternoon,cloudy,downtown,high,medium
309,night,snowy,downtown,medium,medium
310,afternoon,snowy,airport,medium,high
311,night,rainy,suburbs,high,medium
312,evening,cloudy,airport,high,high
313,night,snowy,downtown,high,high
314,evening,clear,airport,medium,medium
315,evening,snowy,airport,medium,high
316,night,clear,downtown,high,medium
317,evening,rainy,airport,high,high
318,morning,clear,airport,high,medium
319,evening,snowy,suburbs,medium,medium
320,afternoon,snowy,suburbs,medium,medium
321,night,snowy,downtown,low,medium
322,morning,rainy,downtown,medium,medium
323,night,rainy,downtown,medium,medium
324,afternoon,cloudy,suburbs,medium,low
325,afternoon,snowy,downtown,high,high
326,afternoon,clear,downtown,medium,low
327,evening,rainy,downtown,high,high
328,evening,snowy,suburbs,low,medium
329,night,snowy,airport,low,medium
330,night,rainy,downtown,high,medium
331,morning,cloudy,airport,high,high
332,morning,rainy,downtown,high,high
333,night,rainy,airport,medium,medium
334,evening,clear,suburbs,low,low
335,afternoon,clear,suburbs,high,low
336,night,cloudy,downtown,medium,medium
337,morning,snowy,airport,low,high
338,evening,rainy,suburbs,medium,medium
339,night,cloudy,downtown,low,low
340,night,clear,downtown,medium,low
341,evening,rainy,suburbs,low,medium
342,night,snowy,suburbs,low,medium
343,evening,clear,downtown,medium,medium
344,afternoon,clear,airport,high,medium
345,evening,clear,airport,low,medium
346,evening,cloudy,airport,high,high
347,evening,snowy,downtown,medium,high
348,night,rainy,suburbs,high,medium
349,night,cloudy,downtown,high,medium
350,evening,cloudy,suburbs,high,medium
351,night,cloudy,airport,high,medium
352,morning,clear,airport,high,medium
353,morning,snowy,suburbs,low,medium
354,night,cloudy,suburbs,low,low
355,night,rainy,downtown,low,medium
356,evening,snowy,airport,medium,high
357,afternoon,rainy,downtown,high,medium
358,night,snowy,downtown,low,medium
359,morning,rainy,downtown,medium,medium
360,evening,clear,airport,low,medium
361,night,cloudy,downtown,low,low
362,morning,rainy,downtown,high,high
363,morning,snowy,downtown,medium,high
364,afternoon,cloudy,downtown,high,medium
365,evening,cloudy,downtown,high,medium
366,evening,snowy,downtown,low,medium
367,afternoon,rainy,airport,high,high
368,afternoon,clear,downtown,medium,low
369,evening,clear,suburbs,high,medium
370,evening,rainy,downtown,high,high
371,night,cloudy,downtown,high,medium
372,night,cloudy,airport,low,medium
373,afternoon,cloudy,airport,medium,medium
374,night,cloudy,suburbs,low,low
375,morning,rainy,suburbs,low,medium
376,night,cloudy,airport,low,medium
377,night,snowy,airport,low,medium
378,morning,cloudy,downtown,low,medium
379,afternoon,clear,airport,medium,medium
380,morning,cloudy,suburbs,high,medium
381,night,rainy,downtown,low,medium
382,afternoon,clear,suburbs,low,low
383,night,rainy,downtown,medium,medium
384,morning,rainy,airport,medium,high
385,morning,clear,suburbs,high,medium
386,night,rainy,downtown,medium,medium
387,evening,rainy,downtown,high,high
388,evening,cloudy,airport,low,medium
389,morning,snowy,airport,low,high
390,morning,rainy,airport,high,high
391,evening,rainy,suburbs,medium,medium
392,evening,rainy,downtown,high,high
393,night,cloudy,airport,medium,medium
394,night,snowy,suburbs,low,medium
395,evening,clear,suburbs,medium,low
396,night,cloudy,suburbs,high,medium
397,night,cloudy,airport,high,medium
398,afternoon,snowy,airport,low,medium
399,night,snowy,downtown,medium,medium
400,morning,cloudy,downtown,medium,medium
401,night,clear,airport,medium,medium
402,night,cloudy,suburbs,low,low
403,evening,snowy,suburbs,medium,medium
404,morning,clear,suburbs,high,medium
405,night,snowy,downtown,medium,medium
406,night,clear,suburbs,low,low
407,afternoon,rainy,downtown,medium,medium
408,night,snowy,downtown,medium,medium
409,night,snowy,suburbs,high,medium
410,afternoon,cloudy,suburbs,medium,low
411,evening,snowy,airport,high,high
412,night,snowy,airport,high,high
413,afternoon,rainy,suburbs,low,low
414,morning,snowy,downtown,high,high
415,evening,rainy,downtown,high,high
416,morning,rainy,downtown,low,medium
417,morning,rainy,downtown,high,high
418,afternoon,rainy,downtown,low,medium
419,night,clear,airport,medium,medium
420,afternoon,cloudy,suburbs,low,low
421,afternoon,clear,airport,high,medium
422,afternoon,snowy,downtown,low,medium
423,afternoon,clear,downtown,high,medium
424,evening,clear,downtown,medium,medium
425,night,snowy,downtown,low,medium
426,morning,snowy,suburbs,medium,medium
427,morning,snowy,downtown,high,high
428,night,clear,suburbs,high,low
429,morning,clear,downtown,medium,medium
430,night,snowy,suburbs,low,medium
431,morning,cloudy,airport,low,medium
432,afternoon,cloudy,downtown,high,medium
433,morning,rainy,suburbs,medium,medium
434,night,snowy,airport,medium,high
435,night,rainy,downtown,low,medium
436,night,cloudy,downtown,low,low
437,night,rainy,downtown,low,medium
438,night,snowy,suburbs,medium,medium
439,evening,snowy,suburbs,low,medium
440,evening,snowy,airport,low,high
441,morning,clear,suburbs,high,medium
442,night,rainy,suburbs,low,low
443,morning,cloudy,downtown,low,medium
444,night,cloudy,downtown,medium,medium
445,night,cloudy,downtown,medium,medium
446,evening,clear,downtown,high,medium
447,evening,clear,downtown,low,low
448,afternoon,snowy,downtown,high,high
449,evening,cloudy,downtown,medium,medium
450,afternoon,clear,airport,high,medium
451,afternoon,snowy,airport,medium,high
452,afternoon,cloudy,airport,high,medium
453,afternoon,rainy,airport,high,high
454,afternoon,snowy,downtown,low,medium
455,morning,clear,airport,high,medium
456,evening,clear,downtown,low,low
457,afternoon,snowy,airport,low,medium
458,night,snowy,suburbs,low,medium
459,evening,clear,airport,low,medium
460,evening,rainy,airport,high,high
461,afternoon,cloudy,downtown,medium,medium
462,morning,rainy,airport,medium,high
463,afternoon,snowy,suburbs,medium,medium
464,morning,rainy,downtown,high,high
465,night,clear,downtown,low,low
466,evening,snowy,airport,medium,high
467,night,cloudy,downtown,high,medium
468,morning,clear,downtown,low,low
469,morning,clear,downtown,medium,medium
470,night,cloudy,downtown,low,low
471,morning,cloudy,downtown,medium,medium
472,night,rainy,downtown,medium,medium
473,evening,snowy,suburbs,medium,medium
474,night,cloudy,airport,low,medium
475,evening,cloudy,suburbs,high,medium
476,night,snowy,downtown,low,medium
477,morning,cloudy,downtown,medium,medium
478,night,cloudy,airport,low,medium
479,morning,rainy,suburbs,high,medium
480,night,clear,airport,low,low
481,night,clear,suburbs,high,low
482,afternoon,clear,downtown,high,medium
483,morning,clear,airport,low,medium
484,afternoon,cloudy,airport,medium,medium
485,morning,snowy,downtown,high,high
486,afternoon,snowy,airport,low,medium
487,evening,rainy,suburbs,high,medium
488,night,rainy,suburbs,medium,medium
489,morning,cloudy,suburbs,low,low
490,morning,snowy,suburbs,low,medium
491,night,snowy,downtown,low,medium
492,morning,clear,airport,medium,medium
493,morning,cloudy,suburbs,high,medium
494,afternoon,cloudy,downtown,low,low
495,morning,clear,airport,high,medium
496,evening,cloudy,airport,high,high
497,evening,cloudy,downtown,medium,medium
498,night,rainy,downtown,low,medium
499,morning,snowy,suburbs,high,high
500,night,cloudy,airport,low,medium
501,evening,rainy,airport,low,medium
502,morning,snowy,downtown,medium,high
503,morning,clear,airport,low,medium
504,night,rainy,suburbs,low,low
505,evening,rainy,airport,high,high
506,morning,snowy,downtown,medium,high
507,night,clear,downtown,low,low
508,evening,rainy,suburbs,high,medium
509,night,cloudy,suburbs,medium,low
510,afternoon,cloudy,airport,medium,medium
511,morning,cloudy,airport,high,high
512,afternoon,clear,downtown,high,medium
513,evening,rainy,suburbs,high,medium
514,afternoon,cloudy,suburbs,high,medium
515,afternoon,clear,suburbs,high,low
516,evening,cloudy,airport,low,medium
517,night,snowy,suburbs,low,medium
518,afternoon,rainy,downtown,medium,medium
519,night,rainy,downtown,low,medium
520,afternoon,clear,airport,low,low
521,night,clear,airport,low,low
522,evening,rainy,suburbs,high,medium
523,afternoon,cloudy,airport,medium,medium
524,evening,cloudy,downtown,medium,medium
525,afternoon,snowy,suburbs,medium,medium
526,evening,cloudy,downtown,medium,medium
527,evening,clear,suburbs,low,low
528,afternoon,clear,airport,low,low
529,afternoon,cloudy,suburbs,high,medium
530,afternoon,clear,suburbs,medium,low
531,morning,rainy,downtown,low,medium
532,night,rainy,downtown,low,medium
533,morning,cloudy,suburbs,high,medium
534,morning,rainy,airport,high,high
535,evening,rainy,airport,high,high
536,afternoon,snowy,downtown,low,medium
537,night,snowy,airport,low,medium
538,evening,rainy,downtown,high,high
539,morning,cloudy,airport,medium,medium
540,afternoon,snowy,suburbs,high,medium
541,evening,clear,downtown,high,medium
542,afternoon,clear,downtown,high,medium
543,evening,clear,suburbs,high,medium
544,afternoon,cloudy,downtown,low,low
545,morning,rainy,airport,medium,high
546,night,clear,airport,high,medium
547,morning,cloudy,downtown,medium,medium
548,night,snowy,airport,medium,high
549,afternoon,rainy,downtown,medium,medium
550,evening,snowy,suburbs,high,high
551,morning,cloudy,downtown,low,medium
552,night,clear,suburbs,high,low
553,morning,clear,airport,medium,medium
554,night,cloudy,suburbs,medium,low
555,morning,clear,airport,low,medium
556,night,rainy,downtown,high,medium
557,night,cloudy,airport,medium,medium
558,afternoon,snowy,downtown,low,medium
559,night,cloudy,downtown,medium,medium
560,afternoon,rainy,suburbs,low,low
561,night,rainy,suburbs,low,low
562,evening,cloudy,suburbs,high,medium
563,evening,cloudy,suburbs,medium,medium
564,evening,clear,airport,high,medium
565,night,rainy,airport,medium,medium
566,afternoon,cloudy,airport,high,medium
567,afternoon,cloudy,downtown,medium,medium
568,night,rainy,airport,high,high
569,evening,cloudy,airport,low,medium
570,evening,clear,airport,medium,medium
571,afternoon,rainy,suburbs,medium,medium
572,evening,clear,airport,low,medium
573,morning,clear,downtown,high,medium
574,afternoon,clear,suburbs,medium,low
575,evening,clear,downtown,medium,medium
576,afternoon,rainy,airport,high,high
577,morning,clear,suburbs,low,low
578,afternoon,clear,downtown,high,medium
579,afternoon,cloudy,airport,high,medium
580,afternoon,rainy,downtown,high,medium
581,afternoon,rainy,downtown,medium,medium
582,morning,snowy,downtown,low,medium
583,night,rainy,airport,low,medium
584,afternoon,rainy,airport,high,high
585,afternoon,snowy,downtown,medium,medium
586,evening,rainy,suburbs,high,medium
587,afternoon,rainy,suburbs,medium,medium
588,evening,rainy,airport,medium,high
589,night,rainy,airport,medium,medium
590,morning,snowy,airport,medium,high
591,morning,rainy,airport,low,medium
592,night,rainy,airport,medium,medium
593,morning,snowy,suburbs,medium,medium
594,night,cloudy,airport,high,medium
595,night,clear,downtown,high,medium
596,night,cloudy,downtown,low,low
597,morning,snowy,suburbs,high,high
598,evening,clear,downtown,medium,medium
599,night,snowy,suburbs,high,medium
600,afternoon,snowy,suburbs,low,medium
601,morning,rainy,downtown,high,high
602,night,clear,airport,high,medium
603,night,rainy,downtown,low,medium
604,afternoon,clear,downtown,low,low
605,evening,snowy,suburbs,medium,medium
606,evening,snowy,downtown,high,high
607,evening,cloudy,suburbs,medium,medium
608,night,clear,airport,high,medium
609,night,rainy,airport,high,high
610,night,cloudy,airport,medium,medium
611,morning,cloudy,downtown,high,medium
612,afternoon,cloudy,suburbs,high,medium
613,night,rainy,airport,high,high
614,afternoon,cloudy,suburbs,low,low
615,afternoon,rainy,suburbs,medium,medium
616,evening,cloudy,airport,low,medium
617,morning,rainy,airport,medium,high
618,night,snowy,suburbs,medium,medium
619,evening,snowy,airport,high,high
620,evening,snowy,suburbs,medium,medium
621,night,snowy,suburbs,low,medium
622,afternoon,snowy,airport,low,medium
623,evening,cloudy,downtown,low,medium
624,afternoon,cloudy,airport,medium,medium
625,morning,cloudy,downtown,low,medium
626,afternoon,rainy,suburbs,medium,medium
627,morning,rainy,suburbs,low,medium
628,afternoon,rainy,downtown,low,medium
629,evening,rainy,suburbs,medium,medium
630,evening,snowy,downtown,low,medium
631,morning,snowy,downtown,high,high
632,night,snowy,suburbs,medium,medium
633,morning,clear,downtown,medium,medium
634,morning,cloudy,airport,medium,medium
635,afternoon,rainy,airport,high,high
636,afternoon,rainy,suburbs,medium,medium
637,morning,snowy,suburbs,low,medium
638,evening,rainy,downtown,low,medium
639,afternoon,rainy,downtown,low,medium
640,night,cloudy,downtown,medium,medium
641,afternoon,snowy,downtown,low,medium
642,afternoon,cloudy,airport,medium,medium
643,night,clear,airport,low,low
644,morning,clear,suburbs,high,medium
645,night,clear,downtown,high,medium
646,morning,snowy,downtown,high,high
647,morning,rainy,suburbs,high,medium
648,morning,snowy,downtown,medium,high
649,night,snowy,downtown,low,medium
650,morning,rainy,downtown,high,high
651,evening,cloudy,downtown,medium,medium
652,night,clear,downtown,high,medium
653,evening,cloudy,suburbs,high,medium
654,morning,clear,downtown,medium,medium
655,afternoon,snowy,suburbs,medium,medium
656,morning,clear,downtown,low,low
657,evening,snowy,airport,low,high
658,evening,cloudy,airport,high,high
659,night,snowy,airport,high,high
660,afternoon,cloudy,airport,low,medium
661,night,rainy,suburbs,low,low
662,evening,rainy,suburbs,medium,medium
663,morning,rainy,downtown,low,medium
664,afternoon,snowy,airport,low,medium
665,morning,rainy,suburbs,high,medium
666,morning,clear,downtown,low,low
667,afternoon,cloudy,downtown,high,medium
668,night,cloudy,suburbs,low,low
669,morning,clear,airport,medium,medium
670,evening,snowy,downtown,low,medium
671,morning,snowy,airport,low,high
672,afternoon,cloudy,airport,low,medium
673,afternoon,rainy,airport,high,high
674,afternoon,snowy,downtown,medium,medium
675,night,snowy,airport,low,medium
676,morning,clear,downtown,high,medium
677,night,clear,airport,medium,medium
678,night,rainy,downtown,high,medium
679,afternoon,snowy,airport,high,high
680,afternoon,snowy,suburbs,medium,medium
681,night,clear,airport,low,low
682,morning,snowy,airport,high,high
683,evening,cloudy,downtown,high,medium
684,night,clear,downtown,low,low
685,morning,rainy,airport,low,medium
686,afternoon,clear,suburbs,medium,low
687,afternoon,snowy,suburbs,medium,medium
688,morning,rainy,downtown,medium,medium
689,evening,clear,suburbs,low,low
690,afternoon,cloudy,airport,high,medium
691,afternoon,cloudy,downtown,high,medium
692,afternoon,clear,airport,medium,medium
693,morning,cloudy,downtown,low,medium
694,night,cloudy,downtown,high,medium
695,afternoon,cloudy,downtown,medium,medium
696,night,rainy,downtown,high,medium
697,evening,cloudy,suburbs,high,medium
698,afternoon,cloudy,airport,low,medium
699,afternoon,cloudy,airport,low,medium
700,evening,rainy,airport,high,high
701,afternoon,clear,downtown,medium,low
702,night,snowy,suburbs,low,medium
703,morning,cloudy,airport,high,high
704,night,clear,suburbs,low,low
705,morning,cloudy,downtown,low,medium
706,morning,rainy,airport,low,medium
707,night,clear,suburbs,high,low
708,night,rainy,downtown,medium,medium
709,night,cloudy,suburbs,medium,low
710,night,cloudy,airport,medium,medium
711,evening,rainy,airport,low,medium
712,afternoon,snowy,downtown,high,high
713,morning,rainy,downtown,low,medium
714,night,cloudy,downtown,medium,medium
715,night,rainy,suburbs,medium,medium
716,night,snowy,suburbs,high,medium
717,evening,rainy,suburbs,low,medium
718,night,snowy,downtown,medium,medium
719,night,snowy,airport,high,high
720,night,rainy,airport,low,medium
721,afternoon,rainy,suburbs,low,low
722,evening,clear,suburbs,medium,low
723,night,cloudy,airport,medium,medium
724,morning,snowy,airport,low,high
725,morning,clear,suburbs,low,low
726,morning,rainy,suburbs,medium,medium
727,evening,cloudy,airport,low,medium
728,evening,clear,downtown,medium,medium
729,morning,snowy,suburbs,low,medium
730,night,clear,airport,medium,medium
731,evening,snowy,airport,high,high
732,morning,rainy,airport,medium,high
733,morning,cloudy,airport,medium,medium
734,night,cloudy,downtown,high,medium
735,afternoon,cloudy,airport,low,medium
736,evening,rainy,suburbs,high,medium
737,night,snowy,downtown,medium,medium
738,morning,rainy,airport,low,medium
739,morning,cloudy,downtown,high,medium
740,night,rainy,suburbs,low,low
741,evening,rainy,airport,low,medium
742,afternoon,rainy,suburbs,high,medium
743,afternoon,snowy,airport,low,medium
744,morning,clear,airport,high,medium
745,evening,clear,airport,medium,medium
746,afternoon,rainy,airport,low,medium
747,evening,clear,airport,medium,medium
748,evening,clear,downtown,medium,medium
749,morning,rainy,airport,low,medium
750,afternoon,rainy,airport,high,high
751,night,cloudy,downtown,low,low
752,morning,clear,downtown,medium,medium
753,afternoon,snowy,downtown,medium,medium
754,afternoon,rainy,downtown,high,medium
755,afternoon,cloudy,downtown,low,low
756,afternoon,snowy,downtown,medium,medium
757,afternoon,clear,airport,medium,medium
758,evening,cloudy,airport,medium,medium
759,morning,rainy,suburbs,high,medium
760,evening,snowy,airport,medium,high
761,night,rainy,airport,medium,medium
762,afternoon,clear,downtown,low,low
763,morning,snowy,downtown,low,medium
764,afternoon,clear,airport,medium,medium
765,morning,clear,suburbs,medium,low
766,evening,cloudy,downtown,low,medium
767,morning,rainy,airport,high,high
768,night,snowy,airport,high,high
769,night,clear,suburbs,high,low
770,morning,clear,suburbs,high,medium
771,morning,snowy,downtown,high,high
772,morning,clear,suburbs,high,medium
773,morning,cloudy,airport,high,high
774,night,cloudy,airport,high,medium
775,afternoon,cloudy,suburbs,low,low
776,morning,cloudy,suburbs,high,medium
777,morning,clear,suburbs,high,medium
778,night,snowy,suburbs,high,medium
779,night,snowy,downtown,medium,medium
780,evening,snowy,suburbs,low,medium
781,morning,snowy,downtown,low,medium
782,evening,rainy,airport,low,medium
783,night,snowy,suburbs,high,medium
784,night,rainy,downtown,high,medium
785,afternoon,rainy,suburbs,medium,medium
786,morning,cloudy,airport,low,medium
787,evening,rainy,airport,high,high
788,night,clear,airport,low,low
789,night,rainy,suburbs,medium,medium
790,evening,cloudy,suburbs,medium,medium
791,afternoon,rainy,downtown,medium,medium
792,night,clear,airport,low,low
793,morning,clear,suburbs,high,medium
794,night,clear,airport,high,medium
795,morning,cloudy,airport,medium,medium
796,evening,cloudy,downtown,high,medium
797,morning,snowy,downtown,medium,high
798,evening,cloudy,downtown,low,medium
799,morning,clear,downtown,medium,medium
800,evening,clear,airport,low,medium
801,morning,cloudy,downtown,medium,medium
802,afternoon,rainy,downtown,high,medium
803,morning,cloudy,downtown,high,medium
804,morning,cloudy,downtown,medium,medium
805,afternoon,clear,airport,high,medium
806,night,snowy,downtown,high,high
807,night,clear,airport,high,medium
808,morning,snowy,suburbs,low,medium
809,afternoon,clear,airport,high,medium
810,morning,cloudy,airport,low,medium
811,evening,clear,downtown,medium,medium
812,evening,clear,suburbs,high,medium
813,morning,clear,suburbs,high,medium
814,night,cloudy,suburbs,high,medium
815,night,cloudy,suburbs,medium,low
816,morning,cloudy,airport,low,medium
817,morning,cloudy,suburbs,low,low
818,evening,snowy,airport,high,high
819,night,snowy,airport,medium,high
820,morning,rainy,airport,medium,high
821,evening,cloudy,suburbs,medium,medium
822,night,snowy,downtown,medium,medium
823,afternoon,clear,downtown,medium,low
824,evening,cloudy,suburbs,low,low
825,night,rainy,downtown,low,medium
826,night,rainy,downtown,low,medium
827,evening,rainy,airport,high,high
828,afternoon,clear,airport,medium,medium
829,evening,snowy,suburbs,high,high
830,night,clear,suburbs,medium,low
831,morning,cloudy,downtown,low,medium
832,morning,rainy,airport,high,high
833,evening,clear,suburbs,low,low
834,night,clear,suburbs,medium,low
835,morning,snowy,suburbs,medium,medium
836,night,snowy,suburbs,medium,medium
837,evening,rainy,suburbs,low,medium
838,morning,clear,suburbs,medium,low
839,night,clear,downtown,low,low
840,morning,snowy,airport,high,high
841,evening,clear,airport,medium,medium
842,night,clear,suburbs,medium,low
843,morning,clear,airport,medium,medium
844,evening,snowy,airport,high,high
845,morning,rainy,airport,medium,high
846,morning,cloudy,suburbs,low,low
847,afternoon,rainy,suburbs,low,low
848,afternoon,cloudy,airport,medium,medium
849,evening,clear,airport,medium,medium
850,afternoon,rainy,suburbs,high,medium
851,evening,cloudy,downtown,high,medium
852,afternoon,snowy,airport,high,high
853,morning,snowy,downtown,medium,high
854,evening,rainy,airport,high,high
855,evening,rainy,downtown,high,high
856,morning,clear,downtown,low,low
857,evening,rainy,downtown,high,high
858,evening,clear,suburbs,low,low
859,afternoon,clear,downtown,low,low
860,evening,snowy,downtown,high,high
861,night,snowy,downtown,low,medium
862,morning,cloudy,airport,medium,medium
863,afternoon,snowy,downtown,medium,medium
864,afternoon,snowy,airport,high,high
865,night,rainy,downtown,medium,medium
866,morning,snowy,downtown,low,medium
867,morning,cloudy,suburbs,medium,medium
868,afternoon,rainy,airport,high,high
869,evening,cloudy,downtown,high,medium
870,afternoon,snowy,airport,low,medium
871,morning,cloudy,airport,high,high
872,night,rainy,suburbs,medium,medium
873,afternoon,clear,suburbs,high,low
874,morning,cloudy,suburbs,low,low
875,afternoon,cloudy,suburbs,high,medium
876,evening,rainy,suburbs,medium,medium
877,afternoon,rainy,suburbs,low,low
878,afternoon,cloudy,suburbs,medium,low
879,morning,snowy,suburbs,low,medium
880,morning,cloudy,downtown,high,medium
881,morning,rainy,airport,low,medium
882,afternoon,clear,suburbs,low,low
883,evening,clear,suburbs,high,medium
884,night,snowy,airport,medium,high
885,night,cloudy,downtown,high,medium
886,morning,clear,airport,low,medium
887,morning,cloudy,airport,high,high
888,afternoon,rainy,suburbs,low,low
889,night,clear,airport,high,medium
890,morning,snowy,airport,high,high
891,evening,rainy,suburbs,medium,medium
892,evening,snowy,suburbs,low,medium
893,morning,rainy,suburbs,medium,medium
894,morning,clear,suburbs,low,low
895,night,snowy,airport,high,high
896,night,snowy,airport,low,medium
897,afternoon,rainy,downtown,medium,medium
898,night,snowy,downtown,medium,medium
899,evening,rainy,airport,medium,high
900,evening,rainy,downtown,low,medium
901,morning,rainy,airport,medium,high
902,night,rainy,downtown,medium,medium
903,afternoon,clear,suburbs,medium,low
904,evening,rainy,downtown,high,high
905,evening,cloudy,suburbs,high,medium
906,afternoon,snowy,suburbs,low,medium
907,afternoon,cloudy,suburbs,low,low
908,evening,clear,suburbs,medium,low
909,evening,cloudy,downtown,high,medium
910,afternoon,snowy,airport,medium,high
911,evening,cloudy,suburbs,medium,medium
912,morning,clear,downtown,high,medium
913,morning,rainy,suburbs,high,medium
914,afternoon,cloudy,downtown,high,medium
915,night,clear,downtown,low,low
916,afternoon,clear,downtown,low,low
917,afternoon,snowy,airport,medium,high
918,night,snowy,downtown,low,medium
919,night,cloudy,downtown,high,medium
920,night,rainy,airport,high,high
921,morning,clear,airport,low,medium
922,evening,cloudy,downtown,medium,medium
923,morning,clear,airport,medium,medium
924,evening,clear,suburbs,low,low
925,morning,rainy,suburbs,medium,medium
926,evening,rainy,airport,medium,high
927,morning,cloudy,airport,medium,medium
928,night,rainy,downtown,high,medium
929,afternoon,rainy,airport,high,high
930,morning,cloudy,downtown,low,medium
931,evening,rainy,suburbs,high,medium
932,night,snowy,airport,medium,high
933,morning,clear,downtown,high,medium
934,morning,clear,downtown,low,low
935,night,clear,suburbs,high,low
936,morning,clear,airport,medium,medium
937,afternoon,cloudy,suburbs,medium,low
938,morning,clear,downtown,low,low
939,afternoon,clear,downtown,high,medium
940,afternoon,clear,airport,high,medium
941,night,clear,downtown,high,medium
942,morning,snowy,airport,medium,high
943,night,clear,suburbs,low,low
944,morning,snowy,airport,high,high
945,morning,cloudy,airport,medium,medium
946,evening,rainy,downtown,medium,medium
947,morning,clear,downtown,medium,medium
948,night,rainy,airport,high,high
949,afternoon,rainy,downtown,high,medium
950,morning,cloudy,downtown,high,medium
951,evening,rainy,downtown,high,high
952,night,snowy,airport,high,high
953,morning,rainy,downtown,high,high
954,night,rainy,airport,high,high
955,evening,rainy,downtown,high,high
956,evening,clear,suburbs,high,medium
957,night,clear,downtown,medium,low
958,morning,snowy,downtown,high,high
959,afternoon,snowy,airport,low,medium
960,evening,clear,airport,medium,medium
961,morning,snowy,downtown,high,high
962,morning,clear,suburbs,low,low
963,afternoon,cloudy,downtown,high,medium
964,evening,rainy,downtown,low,medium
965,evening,rainy,suburbs,low,medium
966,morning,snowy,airport,low,high
967,morning,clear,downtown,low,low
968,afternoon,clear,airport,medium,medium
969,afternoon,snowy,airport,medium,high
970,evening,clear,suburbs,low,low
971,night,cloudy,suburbs,high,medium
972,evening,rainy,airport,low,medium
973,morning,snowy,downtown,medium,high
974,evening,snowy,airport,high,high
975,night,clear,downtown,medium,low
976,afternoon,snowy,downtown,medium,medium
977,night,cloudy,suburbs,high,medium
978,night,clear,downtown,low,low
979,night,clear,downtown,low,low
980,afternoon,clear,airport,low,low
981,night,clear,suburbs,low,low
982,night,cloudy,downtown,high,medium
983,night,clear,downtown,high,medium
984,morning,snowy,suburbs,high,high
985,night,cloudy,airport,medium,medium
986,afternoon,rainy,suburbs,high,medium
987,night,rainy,suburbs,low,low
988,night,snowy,downtown,medium,medium
989,afternoon,snowy,downtown,low,medium
990,night,cloudy,airport,low,medium
991,afternoon,rainy,downtown,high,medium
992,night,rainy,downtown,high,medium
993,afternoon,rainy,suburbs,low,low
994,night,rainy,downtown,low,medium
995,night,rainy,airport,medium,medium
996,morning,clear,suburbs,high,medium
997,morning,snowy,airport,medium,high
998,night,clear,suburbs,medium,low
999,night,rainy,downtown,medium,medium
1000,evening,cloudy,suburbs,low,low
1001,afternoon,cloudy,suburbs,medium,low
1002,evening,rainy,downtown,medium,medium
1003,morning,rainy,downtown,low,medium
1004,morning,cloudy,airport,high,high
1005,morning,clear,airport,high,medium
1006,morning,clear,downtown,medium,medium
1007,night,rainy,downtown,low,medium
1008,morning,clear,downtown,high,medium
1009,night,cloudy,suburbs,medium,low
1010,night,clear,suburbs,medium,low
1011,morning,rainy,suburbs,low,medium
1012,morning,cloudy,downtown,medium,medium
1013,afternoon,clear,airport,high,medium
1014,evening,snowy,downtown,low,medium
1015,morning,cloudy,suburbs,high,medium
1016,afternoon,cloudy,suburbs,high,medium
1017,afternoon,snowy,downtown,high,high
1018,evening,snowy,downtown,medium,high
1019,night,cloudy,suburbs,medium,low
1020,morning,snowy,suburbs,high,high
1021,evening,rainy,suburbs,high,medium
1022,morning,rainy,downtown,low,medium
1023,afternoon,rainy,suburbs,low,low
1024,afternoon,cloudy,suburbs,medium,low
1025,night,snowy,airport,medium,high
1026,afternoon,snowy,downtown,low,medium
1027,afternoon,clear,airport,high,medium
1028,evening,clear,airport,medium,medium
1029,morning,snowy,suburbs,high,high
1030,morning,snowy,downtown,low,medium
1031,evening,snowy,suburbs,medium,medium
1032,night,cloudy,downtown,medium,medium
1033,morning,snowy,airport,low,high
1034,afternoon,clear,downtown,medium,low
1035,morning,cloudy,suburbs,low,low
1036,afternoon,snowy,suburbs,medium,medium
1037,night,clear,suburbs,low,low
1038,evening,cloudy,downtown,medium,medium
1039,morning,snowy,airport,high,high
1040,evening,snowy,airport,high,high
1041,morning,snowy,downtown,high,high
1042,afternoon,cloudy,suburbs,medium,low
1043,evening,clear,airport,medium,medium
1044,morning,clear,suburbs,high,medium
1045,afternoon,rainy,downtown,high,medium
1046,evening,snowy,suburbs,low,medium
1047,evening,rainy,airport,low,medium
1048,morning,rainy,airport,low,medium
1049,morning,clear,suburbs,high,medium
1050,morning,cloudy,downtown,high,medium
1051,afternoon,cloudy,suburbs,high,medium
1052,morning,clear,downtown,low,low
1053,evening,cloudy,suburbs,medium,medium
1054,evening,rainy,airport,high,high
1055,morning,snowy,downtown,medium,high
1056,morning,clear,downtown,medium,medium
1057,night,snowy,downtown,medium,medium
1058,evening,cloudy,airport,low,medium
1059,afternoon,snowy,suburbs,medium,medium
1060,night,cloudy,airport,high,medium
1061,morning,cloudy,downtown,low,medium
1062,morning,rainy,suburbs,high,medium
1063,evening,cloudy,airport,high,high
1064,morning,rainy,downtown,low,medium
1065,afternoon,rainy,downtown,high,medium
1066,evening,rainy,airport,high,high
1067,morning,clear,airport,low,medium
1068,evening,clear,airport,high,medium
1069,morning,cloudy,downtown,medium,medium
1070,morning,rainy,airport,high,high
1071,morning,clear,downtown,medium,medium
1072,afternoon,rainy,airport,high,high
1073,afternoon,snowy,downtown,low,medium
1074,evening,snowy,downtown,low,medium
1075,morning,snowy,suburbs,high,high
1076,morning,cloudy,airport,low,medium
1077,afternoon,rainy,airport,high,high
1078,morning,snowy,downtown,low,medium
1079,afternoon,clear,downtown,medium,low
1080,morning,snowy,downtown,high,high
1081,evening,snowy,suburbs,medium,medium
1082,morning,snowy,suburbs,medium,medium
1083,morning,cloudy,downtown,high,medium
1084,night,clear,airport,medium,medium
1085,afternoon,rainy,airport,high,high
1086,morning,clear,suburbs,medium,low
1087,morning,rainy,suburbs,high,medium
1088,night,cloudy,downtown,high,medium
1089,night,cloudy,airport,low,medium
1090,afternoon,cloudy,downtown,high,medium
1091,night,cloudy,suburbs,high,medium
1092,evening,rainy,airport,medium,high
1093,night,snowy,airport,high,high
1094,evening,rainy,suburbs,low,medium
1095,afternoon,clear,downtown,medium,low
1096,afternoon,cloudy,downtown,medium,medium
1097,afternoon,cloudy,airport,low,medium
1098,afternoon,clear,suburbs,medium,low
1099,afternoon,rainy,airport,medium,medium
1100,evening,snowy,suburbs,medium,medium
1101,evening,snowy,downtown,medium,high
1102,afternoon,clear,suburbs,low,low
1103,night,snowy,downtown,low,medium
1104,morning,rainy,suburbs,medium,medium
1105,afternoon,rainy,airport,medium,medium
1106,night,clear,downtown,low,low
1107,morning,rainy,airport,low,medium
1108,afternoon,cloudy,airport,low,medium
1109,afternoon,clear,downtown,medium,low
1110,evening,rainy,downtown,medium,medium
1111,morning,clear,airport,high,medium
1112,morning,snowy,airport,low,high
1113,night,rainy,airport,medium,medium
1114,evening,cloudy,airport,low,medium
1115,evening,rainy,downtown,medium,medium
1116,evening,clear,downtown,low,low
1117,evening,clear,airport,medium,medium
1118,morning,rainy,suburbs,high,medium
1119,morning,cloudy,suburbs,high,medium
1120,afternoon,cloudy,downtown,low,low
1121,afternoon,cloudy,airport,medium,medium
1122,evening,clear,airport,medium,medium
1123,evening,rainy,downtown,low,medium
1124,evening,snowy,suburbs,medium,medium
1125,afternoon,clear,suburbs,low,low
1126,night,cloudy,suburbs,medium,low
1127,night,rainy,downtown,low,medium
1128,afternoon,cloudy,suburbs,medium,low
1129,afternoon,snowy,downtown,low,medium
1130,afternoon,cloudy,downtown,medium,medium
1131,afternoon,cloudy,airport,high,medium
1132,afternoon,snowy,suburbs,medium,medium
1133,afternoon,rainy,downtown,low,medium
1134,evening,clear,suburbs,high,medium
1135,evening,rainy,suburbs,medium,medium
1136,evening,snowy,airport,high,high
1137,evening,cloudy,suburbs,medium,medium
1138,afternoon,rainy,airport,high,high
1139,night,clear,downtown,low,low
1140,morning,snowy,suburbs,medium,medium
1141,afternoon,rainy,downtown,medium,medium
1142,morning,clear,suburbs,low,low
1143,night,snowy,downtown,high,high
1144,evening,clear,suburbs,low,low
1145,night,snowy,suburbs,low,medium
1146,afternoon,cloudy,suburbs,high,medium
1147,evening,rainy,suburbs,low,medium
1148,afternoon,clear,suburbs,medium,low
1149,evening,snowy,suburbs,medium,medium
1150,morning,clear,suburbs,medium,low
1151,morning,clear,suburbs,low,low
1152,morning,rainy,suburbs,medium,medium
1153,night,cloudy,downtown,medium,medium
1154,afternoon,clear,airport,medium,medium
1155,night,snowy,suburbs,medium,medium
1156,morning,snowy,airport,medium,high
1157,afternoon,cloudy,suburbs,medium,low
1158,morning,snowy,suburbs,low,medium
1159,night,cloudy,downtown,medium,medium
1160,night,snowy,downtown,medium,medium
1161,night,rainy,airport,high,high
1162,morning,clear,downtown,low,low
1163,afternoon,rainy,downtown,low,medium
1164,afternoon,clear,airport,low,low
1165,morning,clear,downtown,low,low
1166,afternoon,clear,suburbs,medium,low
1167,morning,rainy,airport,medium,high
1168,afternoon,clear,airport,high,medium
1169,evening,rainy,suburbs,high,medium
1170,evening,cloudy,downtown,low,medium
1171,night,snowy,airport,high,high
1172,evening,snowy,airport,high,high
1173,evening,clear,suburbs,low,low
1174,evening,rainy,suburbs,low,medium
1175,morning,snowy,downtown,high,high
1176,evening,rainy,airport,medium,high
1177,evening,rainy,downtown,high,high
1178,night,clear,downtown,high,medium
1179,evening,snowy,suburbs,medium,medium
1180,evening,clear,airport,medium,medium
1181,afternoon,clear,airport,low,low
1182,night,snowy,airport,low,medium
1183,night,snowy,suburbs,high,medium
1184,night,cloudy,suburbs,medium,low
1185,night,cloudy,suburbs,low,low
1186,night,rainy,suburbs,high,medium
1187,night,snowy,suburbs,medium,medium
1188,morning,cloudy,airport,high,high
1189,evening,rainy,downtown,low,medium
1190,night,rainy,airport,low,medium
1191,evening,rainy,downtown,medium,medium
1192,evening,cloudy,suburbs,high,medium
1193,morning,snowy,downtown,medium,high
1194,night,clear,airport,low,low
1195,afternoon,rainy,airport,low,medium
1196,morning,cloudy,downtown,high,medium
1197,afternoon,cloudy,suburbs,high,medium
1198,evening,clear,suburbs,high,medium
1199,evening,clear,airport,medium,medium
1200,morning,cloudy,downtown,high,medium
1201,morning,snowy,suburbs,high,high
1202,afternoon,clear,suburbs,low,low
1203,night,cloudy,airport,low,medium
1204,afternoon,clear,suburbs,high,low
1205,morning,snowy,downtown,high,high
1206,afternoon,rainy,airport,low,medium
1207,morning,clear,airport,high,medium
1208,afternoon,snowy,downtown,medium,medium
1209,morning,cloudy,airport,medium,medium
1210,morning,clear,suburbs,medium,low
1211,morning,clear,suburbs,high,medium
1212,night,cloudy,downtown,low,low
1213,afternoon,rainy,suburbs,high,medium
1214,afternoon,cloudy,downtown,high,medium
1215,afternoon,clear,downtown,low,low
1216,morning,cloudy,suburbs,low,low
1217,afternoon,snowy,downtown,low,medium
1218,afternoon,cloudy,suburbs,medium,low
1219,morning,clear,airport,high,medium
1220,evening,cloudy,airport,low,medium
1221,morning,rainy,downtown,high,high
1222,afternoon,cloudy,suburbs,medium,low
1223,morning,rainy,suburbs,medium,medium
1224,evening,snowy,airport,low,high
1225,morning,rainy,airport,low,medium
1226,afternoon,cloudy,suburbs,high,medium
1227,evening,clear,downtown,low,low
1228,night,rainy,airport,high,high
1229,afternoon,snowy,downtown,low,medium
1230,evening,rainy,downtown,high,high
1231,evening,rainy,airport,high,high
1232,night,rainy,downtown,high,medium
1233,morning,snowy,downtown,high,high
1234,morning,cloudy,suburbs,medium,medium
1235,afternoon,rainy,downtown,high,medium
1236,night,rainy,suburbs,low,low
1237,morning,clear,airport,medium,medium
1238,night,snowy,airport,medium,high
1239,morning,rainy,suburbs,high,medium
1240,evening,snowy,airport,medium,high
1241,morning,rainy,downtown,high,high
1242,night,cloudy,downtown,low,low
1243,evening,cloudy,downtown,high,medium
1244,evening,rainy,airport,medium,high
1245,evening,cloudy,downtown,low,medium
1246,night,rainy,airport,high,high
1247,afternoon,cloudy,downtown,low,low
1248,afternoon,clear,suburbs,low,low
1249,afternoon,clear,airport,medium,medium
1250,night,clear,airport,low,low
1251,evening,snowy,downtown,medium,high
1252,afternoon,snowy,airport,low,medium
1253,night,clear,airport,high,medium
1254,afternoon,snowy,suburbs,low,medium
1255,morning,cloudy,suburbs,high,medium
1256,afternoon,rainy,downtown,high,medium
1257,afternoon,rainy,suburbs,low,low
1258,evening,rainy,downtown,high,high
1259,night,clear,downtown,low,low
1260,evening,snowy,downtown,low,medium
1261,evening,cloudy,airport,high,high
1262,evening,cloudy,suburbs,high,medium
1263,evening,clear,downtown,medium,medium
1264,evening,cloudy,suburbs,high,medium
1265,afternoon,cloudy,downtown,medium,medium
1266,evening,cloudy,suburbs,high,medium
1267,evening,cloudy,suburbs,low,low
1268,night,snowy,downtown,high,high
1269,morning,cloudy,airport,low,medium
1270,afternoon,rainy,suburbs,low,low
1271,afternoon,clear,airport,low,low
1272,afternoon,snowy,airport,medium,high
1273,evening,cloudy,downtown,high,medium
1274,evening,snowy,downtown,low,medium
1275,evening,cloudy,downtown,low,medium
1276,night,rainy,suburbs,medium,medium
1277,morning,clear,downtown,high,medium
1278,evening,cloudy,downtown,high,medium
1279,morning,cloudy,suburbs,medium,medium
1280,night,cloudy,suburbs,medium,low
1281,afternoon,cloudy,downtown,high,medium
1282,evening,clear,downtown,medium,medium
1283,morning,clear,downtown,high,medium
1284,morning,rainy,downtown,high,high
1285,evening,clear,airport,low,medium
1286,afternoon,cloudy,airport,low,medium
1287,afternoon,rainy,downtown,high,medium
1288,afternoon,rainy,airport,high,high
1289,night,rainy,suburbs,high,medium
1290,morning,cloudy,airport,high,high
1291,morning,snowy,airport,high,high
1292,morning,cloudy,downtown,high,medium
1293,night,clear,airport,medium,medium
1294,morning,clear,airport,high,medium
1295,night,cloudy,airport,medium,medium
1296,afternoon,cloudy,airport,medium,medium
1297,evening,rainy,suburbs,high,medium
1298,morning,cloudy,downtown,high,medium
1299,morning,rainy,downtown,medium,medium
1300,afternoon,clear,suburbs,medium,low
1301,evening,rainy,airport,high,high
1302,night,cloudy,suburbs,high,medium
1303,evening,clear,airport,medium,medium
1304,afternoon,snowy,suburbs,medium,medium
1305,afternoon,rainy,downtown,medium,medium
1306,evening,clear,downtown,low,low
1307,night,rainy,downtown,medium,medium
1308,night,clear,airport,low,low
1309,morning,clear,airport,high,medium
1310,night,rainy,suburbs,high,medium
1311,evening,snowy,suburbs,medium,medium
1312,afternoon,clear,downtown,high,medium
1313,morning,clear,airport,high,medium
1314,morning,clear,suburbs,high,medium
1315,afternoon,snowy,airport,high,high
1316,night,snowy,airport,low,medium
1317,afternoon,cloudy,downtown,low,low
1318,night,rainy,downtown,medium,medium
1319,afternoon,snowy,airport,medium,high
1320,evening,rainy,airport,medium,high
1321,night,cloudy,airport,high,medium
1322,evening,rainy,airport,high,high
1323,morning,snowy,downtown,low,medium
1324,afternoon,rainy,suburbs,low,low
1325,morning,snowy,downtown,medium,high
1326,morning,rainy,suburbs,low,medium
1327,morning,snowy,airport,low,high
1328,morning,snowy,suburbs,low,medium
1329,afternoon,rainy,downtown,low,medium
1330,morning,cloudy,downtown,low,medium
1331,afternoon,clear,airport,medium,medium
1332,afternoon,cloudy,downtown,medium,medium
1333,evening,rainy,airport,low,medium
1334,night,cloudy,downtown,medium,medium
1335,night,snowy,downtown,high,high
1336,afternoon,clear,airport,low,low
1337,evening,rainy,suburbs,high,medium
1338,afternoon,rainy,downtown,medium,medium
1339,afternoon,rainy,suburbs,medium,medium
1340,afternoon,clear,downtown,high,medium
1341,evening,snowy,downtown,medium,high
1342,night,rainy,downtown,low,medium
1343,evening,cloudy,downtown,high,medium
1344,morning,rainy,suburbs,low,medium
1345,evening,rainy,suburbs,high,medium
1346,evening,rainy,downtown,medium,medium
1347,evening,rainy,downtown,high,high
1348,evening,snowy,suburbs,high,high
1349,night,cloudy,airport,low,medium
1350,morning,snowy,airport,medium,high
1351,night,cloudy,suburbs,low,low
1352,night,rainy,downtown,medium,medium
1353,evening,clear,downtown,low,low
1354,afternoon,snowy,airport,high,high
1355,afternoon,clear,airport,low,low
1356,night,snowy,suburbs,medium,medium
1357,night,rainy,airport,medium,medium
1358,evening,snowy,suburbs,high,high
1359,night,rainy,airport,medium,medium
1360,evening,snowy,airport,low,high
1361,afternoon,rainy,airport,high,high
1362,afternoon,rainy,downtown,medium,medium
1363,morning,cloudy,downtown,medium,medium
1364,afternoon,rainy,downtown,low,medium
1365,night,cloudy,airport,low,medium
1366,afternoon,rainy,suburbs,high,medium
1367,evening,clear,suburbs,medium,low
1368,afternoon,rainy,suburbs,low,low
1369,morning,clear,suburbs,high,medium
1370,afternoon,clear,downtown,medium,low
1371,evening,rainy,downtown,medium,medium
1372,evening,clear,airport,high,medium
1373,night,cloudy,airport,high,medium
1374,afternoon,snowy,suburbs,low,medium
1375,evening,rainy,downtown,medium,medium
1376,morning,clear,suburbs,medium,low
1377,night,rainy,airport,medium,medium
1378,morning,cloudy,airport,high,high
1379,afternoon,rainy,suburbs,low,low
1380,afternoon,rainy,airport,medium,medium
1381,afternoon,clear,suburbs,high,low
1382,night,cloudy,downtown,medium,medium
1383,evening,snowy,suburbs,low,medium
1384,night,snowy,downtown,medium,medium
1385,morning,clear,downtown,low,low
1386,night,rainy,airport,low,medium
1387,morning,clear,airport,medium,medium
1388,night,clear,airport,medium,medium
1389,evening,clear,suburbs,low,low
1390,morning,rainy,suburbs,high,medium
1391,afternoon,cloudy,airport,low,medium
1392,afternoon,clear,suburbs,medium,low
1393,night,rainy,airport,medium,medium
1394,afternoon,cloudy,suburbs,high,medium
1395,morning,clear,downtown,low,low
1396,afternoon,snowy,downtown,low,medium
1397,evening,cloudy,airport,low,medium
1398,evening,clear,suburbs,medium,low
1399,night,cloudy,suburbs,low,low
1400,morning,cloudy,downtown,high,medium
1401,evening,cloudy,downtown,medium,medium
1402,evening,cloudy,airport,medium,medium
1403,morning,cloudy,downtown,low,medium
1404,afternoon,cloudy,airport,high,medium
1405,afternoon,clear,downtown,medium,low
1406,night,snowy,downtown,medium,medium
1407,afternoon,rainy,suburbs,low,low
1408,morning,cloudy,downtown,low,medium
1409,evening,rainy,downtown,high,high
1410,afternoon,clear,airport,low,low
1411,night,cloudy,downtown,high,medium
1412,afternoon,snowy,airport,medium,high
1413,morning,rainy,downtown,high,high
1414,night,cloudy,downtown,high,medium
1415,afternoon,clear,airport,high,medium
1416,night,snowy,suburbs,medium,medium
1417,morning,rainy,airport,low,medium
1418,evening,rainy,airport,medium,high
1419,morning,cloudy,airport,low,medium
1420,morning,snowy,suburbs,high,high
1421,morning,snowy,downtown,high,high
1422,morning,snowy,airport,high,high
1423,evening,snowy,airport,high,high
1424,evening,clear,suburbs,high,medium
1425,night,snowy,airport,low,medium
1426,afternoon,rainy,downtown,low,medium
1427,evening,rainy,suburbs,high,medium
1428,evening,clear,downtown,medium,medium
1429,afternoon,rainy,downtown,medium,medium
1430,evening,rainy,suburbs,high,medium
1431,morning,snowy,airport,low,high
1432,morning,rainy,downtown,medium,medium
1433,afternoon,clear,downtown,medium,low
1434,night,snowy,downtown,medium,medium
1435,night,cloudy,downtown,high,medium
1436,afternoon,snowy,suburbs,medium,medium
1437,afternoon,clear,suburbs,medium,low
1438,morning,snowy,downtown,medium,high
1439,night,snowy,airport,medium,high
1440,evening,clear,downtown,low,low
1441,morning,snowy,airport,high,high
1442,afternoon,clear,downtown,high,medium
1443,night,clear,airport,low,low
1444,evening,cloudy,downtown,low,medium
1445,evening,rainy,airport,high,high
1446,morning,rainy,downtown,medium,medium
1447,night,snowy,downtown,medium,medium
1448,night,snowy,airport,high,high
1449,afternoon,cloudy,suburbs,medium,low
1450,night,cloudy,airport,low,medium
1451,night,cloudy,suburbs,medium,low
1452,morning,clear,downtown,medium,medium
1453,night,cloudy,airport,medium,medium
1454,evening,cloudy,airport,high,high
1455,morning,snowy,airport,low,high
1456,morning,cloudy,suburbs,medium,medium
1457,afternoon,clear,suburbs,high,low
1458,night,clear,downtown,medium,low
1459,afternoon,snowy,suburbs,low,medium
1460,evening,cloudy,suburbs,medium,medium
1461,morning,cloudy,downtown,low,medium
1462,morning,clear,airport,medium,medium
1463,morning,cloudy,airport,low,medium
1464,evening,cloudy,downtown,medium,medium
1465,evening,cloudy,airport,low,medium
1466,afternoon,rainy,suburbs,medium,medium
1467,afternoon,snowy,downtown,medium,medium
1468,afternoon,rainy,downtown,high,medium
1469,night,snowy,downtown,high,high
1470,morning,clear,airport,low,medium
1471,morning,cloudy,downtown,medium,medium
1472,afternoon,snowy,downtown,low,medium
1473,morning,rainy,downtown,high,high
1474,afternoon,cloudy,airport,low,medium
1475,night,clear,suburbs,low,low
1476,night,snowy,downtown,high,high
1477,evening,snowy,suburbs,medium,medium
1478,night,snowy,airport,low,medium
1479,afternoon,cloudy,airport,high,medium
1480,night,rainy,airport,medium,medium
1481,evening,rainy,airport,high,high
1482,morning,snowy,suburbs,low,medium
1483,afternoon,clear,downtown,medium,low
1484,morning,clear,airport,medium,medium
1485,evening,rainy,airport,high,high
1486,evening,clear,suburbs,high,medium
1487,evening,rainy,suburbs,high,medium
1488,morning,snowy,airport,medium,high
1489,morning,rainy,downtown,medium,medium
1490,morning,rainy,downtown,low,medium
1491,morning,snowy,airport,medium,high
1492,evening,clear,suburbs,low,low
1493,evening,rainy,airport,high,high
1494,afternoon,rainy,airport,high,high
1495,afternoon,snowy,suburbs,medium,medium
1496,morning,clear,airport,high,medium
1497,night,rainy,airport,high,high
1498,night,snowy,airport,medium,high
1499,evening,rainy,suburbs,low,medium
1500,evening,cloudy,downtown,medium,medium
1501,evening,snowy,downtown,low,medium
1502,afternoon,clear,suburbs,medium,low
1503,afternoon,clear,downtown,medium,low
1504,evening,clear,airport,high,medium
1505,evening,clear,downtown,medium,medium
1506,evening,rainy,airport,medium,high
1507,night,rainy,downtown,low,medium
1508,afternoon,clear,suburbs,high,low
1509,night,clear,downtown,low,low
1510,night,clear,downtown,low,low
1511,evening,rainy,downtown,high,high
1512,evening,clear,suburbs,high,medium
1513,morning,clear,downtown,high,medium
1514,morning,cloudy,suburbs,medium,medium
1515,night,cloudy,airport,high,medium
1516,afternoon,clear,downtown,high,medium
1517,evening,snowy,suburbs,high,high
1518,evening,clear,suburbs,low,low
1519,night,cloudy,downtown,low,low
1520,morning,snowy,airport,medium,high
1521,afternoon,snowy,suburbs,low,medium
1522,morning,clear,downtown,medium,medium
1523,morning,cloudy,airport,low,medium
1524,morning,cloudy,suburbs,high,medium
1525,morning,snowy,suburbs,low,medium
1526,evening,clear,airport,medium,medium
1527,evening,rainy,airport,low,medium
1528,morning,rainy,downtown,high,high
1529,afternoon,cloudy,downtown,medium,medium
1530,night,rainy,suburbs,high,medium
1531,afternoon,cloudy,airport,high,medium
1532,afternoon,cloudy,airport,medium,medium
1533,afternoon,cloudy,airport,high,medium
1534,morning,rainy,suburbs,high,medium
1535,evening,cloudy,airport,low,medium
1536,afternoon,snowy,airport,high,high
1537,morning,clear,suburbs,high,medium
1538,afternoon,clear,downtown,high,medium
1539,afternoon,cloudy,downtown,high,medium
1540,morning,clear,suburbs,medium,low
1541,evening,rainy,airport,low,medium
1542,evening,rainy,suburbs,high,medium
1543,night,clear,downtown,high,medium
1544,morning,rainy,downtown,medium,medium
1545,night,clear,suburbs,high,low
1546,night,clear,suburbs,medium,low
1547,night,clear,downtown,low,low
1548,evening,cloudy,suburbs,low,low
1549,morning,clear,downtown,high,medium
1550,night,cloudy,suburbs,high,medium
1551,morning,clear,suburbs,high,medium
1552,morning,clear,suburbs,medium,low
1553,evening,clear,downtown,high,medium
1554,night,rainy,suburbs,high,medium
1555,night,cloudy,downtown,low,low
1556,morning,cloudy,downtown,high,medium
1557,afternoon,clear,suburbs,low,low
1558,evening,clear,suburbs,high,medium
1559,evening,rainy,downtown,low,medium
1560,evening,rainy,downtown,high,high
1561,evening,rainy,airport,low,medium
1562,night,cloudy,downtown,medium,medium
1563,night,cloudy,airport,low,medium
1564,afternoon,cloudy,airport,low,medium
1565,evening,clear,airport,low,medium
1566,evening,cloudy,suburbs,high,medium
1567,morning,snowy,suburbs,high,high
1568,night,snowy,downtown,high,high
1569,evening,rainy,airport,medium,high
1570,afternoon,cloudy,suburbs,medium,low
1571,afternoon,snowy,suburbs,low,medium
1572,night,rainy,suburbs,medium,medium
1573,afternoon,cloudy,suburbs,low,low
1574,afternoon,clear,suburbs,low,low
1575,night,snowy,airport,low,medium
1576,evening,clear,airport,medium,medium
1577,evening,cloudy,airport,high,high
1578,afternoon,snowy,airport,medium,high
1579,afternoon,cloudy,downtown,low,low
1580,evening,clear,airport,low,medium
1581,night,snowy,suburbs,medium,medium
1582,afternoon,clear,airport,low,low
1583,morning,cloudy,downtown,low,medium
1584,night,cloudy,suburbs,medium,low
1585,afternoon,clear,airport,medium,medium
1586,afternoon,snowy,airport,medium,high
1587,morning,clear,airport,low,medium
1588,morning,cloudy,suburbs,low,low
1589,evening,clear,suburbs,high,medium
1590,night,cloudy,downtown,high,medium
1591,night,clear,suburbs,medium,low
1592,evening,snowy,suburbs,high,high
1593,night,snowy,airport,low,medium
1594,night,clear,suburbs,high,low
1595,night,clear,airport,low,low
1596,night,snowy,airport,medium,high
1597,night,cloudy,suburbs,medium,low
1598,morning,snowy,downtown,low,medium
1599,night,cloudy,downtown,high,medium
1600,morning,clear,suburbs,medium,low
1601,night,clear,downtown,medium,low
1602,evening,cloudy,airport,high,high
1603,afternoon,clear,airport,high,medium
1604,morning,cloudy,suburbs,low,low
1605,night,rainy,downtown,high,medium
1606,evening,snowy,downtown,high,high
1607,afternoon,rainy,airport,high,high
1608,morning,cloudy,suburbs,low,low
1609,afternoon,snowy,downtown,low,medium
1610,evening,cloudy,suburbs,medium,medium
1611,morning,snowy,downtown,low,medium
1612,afternoon,snowy,airport,medium,high
1613,night,snowy,airport,high,high
1614,morning,snowy,suburbs,medium,medium
1615,afternoon,cloudy,airport,medium,medium
1616,evening,snowy,downtown,high,high
1617,evening,snowy,airport,medium,high
1618,morning,rainy,suburbs,low,medium
1619,afternoon,clear,suburbs,low,low
1620,morning,clear,suburbs,low,low
1621,morning,rainy,downtown,low,medium
1622,afternoon,rainy,downtown,medium,medium
1623,afternoon,cloudy,downtown,medium,medium
1624,night,cloudy,downtown,high,medium
1625,afternoon,cloudy,downtown,medium,medium
1626,evening,rainy,airport,medium,high
1627,morning,rainy,downtown,medium,medium
1628,morning,snowy,downtown,high,high
1629,evening,cloudy,airport,low,medium
1630,afternoon,cloudy,downtown,medium,medium
1631,evening,cloudy,suburbs,high,medium
1632,evening,clear,downtown,high,medium
1633,night,snowy,downtown,high,high
1634,evening,cloudy,suburbs,low,low
1635,morning,cloudy,suburbs,medium,medium
1636,evening,cloudy,suburbs,high,medium
1637,morning,clear,suburbs,low,low
1638,morning,clear,downtown,high,medium
1639,morning,rainy,suburbs,high,medium
1640,afternoon,snowy,suburbs,high,medium
1641,night,rainy,airport,high,high
1642,morning,snowy,suburbs,high,high
1643,morning,clear,suburbs,low,low
1644,afternoon,cloudy,airport,medium,medium
1645,morning,rainy,airport,medium,high
1646,evening,cloudy,downtown,medium,medium
1647,evening,rainy,airport,medium,high
1648,night,clear,downtown,low,low
1649,morning,clear,airport,low,medium
1650,afternoon,clear,airport,low,low
1651,evening,rainy,downtown,high,high
1652,afternoon,snowy,airport,high,high
1653,afternoon,rainy,downtown,high,medium
1654,evening,snowy,airport,medium,high
1655,afternoon,rainy,suburbs,high,medium
1656,evening,rainy,airport,medium,high
1657,afternoon,clear,downtown,high,medium
1658,evening,cloudy,airport,medium,medium
1659,morning,cloudy,downtown,high,medium
1660,night,snowy,downtown,high,high
1661,evening,cloudy,suburbs,low,low
1662,evening,rainy,suburbs,high,medium
1663,night,rainy,downtown,high,medium
1664,evening,clear,airport,low,medium
1665,evening,clear,downtown,medium,medium
1666,afternoon,cloudy,downtown,low,low
1667,night,snowy,airport,low,medium
1668,morning,cloudy,airport,medium,medium
1669,evening,cloudy,airport,high,high
1670,night,cloudy,airport,medium,medium
1671,afternoon,cloudy,downtown,high,medium
1672,morning,rainy,downtown,high,high
1673,night,snowy,suburbs,medium,medium
1674,morning,rainy,downtown,low,medium
1675,morning,snowy,airport,medium,high
1676,morning,clear,suburbs,high,medium
1677,evening,cloudy,airport,medium,medium
1678,evening,rainy,downtown,medium,medium
1679,afternoon,snowy,suburbs,high,medium
1680,afternoon,clear,airport,low,low
1681,night,clear,suburbs,medium,low
1682,afternoon,cloudy,suburbs,high,medium
1683,morning,snowy,downtown,high,high
1684,morning,rainy,airport,medium,high
1685,evening,cloudy,suburbs,low,low
1686,morning,rainy,suburbs,medium,medium
1687,night,clear,airport,low,low
1688,morning,rainy,suburbs,low,medium
1689,morning,rainy,suburbs,low,medium
1690,night,cloudy,suburbs,low,low
1691,afternoon,rainy,airport,medium,medium
1692,afternoon,cloudy,airport,high,medium
1693,night,clear,airport,high,medium
1694,evening,cloudy,airport,high,high
1695,morning,cloudy,downtown,high,medium
1696,night,snowy,suburbs,high,medium
1697,morning,rainy,airport,high,high
1698,evening,clear,suburbs,medium,low
1699,morning,cloudy,suburbs,low,low
1700,night,clear,downtown,high,medium
1701,morning,snowy,airport,medium,high
1702,afternoon,rainy,airport,high,high
1703,evening,cloudy,suburbs,high,medium
1704,evening,rainy,airport,low,medium
1705,evening,snowy,suburbs,low,medium
1706,night,snowy,suburbs,low,medium
1707,evening,clear,downtown,high,medium
1708,afternoon,cloudy,downtown,high,medium
1709,night,clear,downtown,high,medium
1710,afternoon,snowy,suburbs,low,medium
1711,morning,rainy,airport,medium,high
1712,morning,clear,downtown,high,medium
1713,morning,clear,airport,high,medium
1714,morning,rainy,downtown,high,high
1715,afternoon,clear,downtown,medium,low
1716,night,rainy,suburbs,high,medium
1717,night,cloudy,downtown,medium,medium
1718,evening,rainy,downtown,high,high
1719,afternoon,cloudy,suburbs,medium,low
1720,morning,rainy,airport,high,high
1721,afternoon,snowy,downtown,low,medium
1722,evening,snowy,suburbs,low,medium
1723,evening,cloudy,downtown,low,medium
1724,afternoon,cloudy,suburbs,low,low
1725,afternoon,snowy,airport,high,high
1726,afternoon,cloudy,airport,low,medium
1727,night,rainy,suburbs,medium,medium
1728,morning,rainy,suburbs,low,medium
1729,afternoon,snowy,suburbs,low,medium
1730,afternoon,clear,airport,low,low
1731,afternoon,rainy,downtown,high,medium
1732,evening,cloudy,airport,low,medium
1733,evening,clear,suburbs,medium,low
1734,night,clear,suburbs,low,low
1735,morning,rainy,airport,low,medium
1736,night,rainy,suburbs,low,low
1737,morning,clear,airport,medium,medium
1738,evening,clear,suburbs,low,low
1739,evening,snowy,downtown,medium,high
1740,evening,cloudy,downtown,medium,medium
1741,night,snowy,suburbs,low,medium
1742,afternoon,rainy,airport,medium,medium
1743,afternoon,snowy,downtown,high,high
1744,evening,snowy,airport,low,high
1745,afternoon,snowy,suburbs,low,medium
1746,afternoon,snowy,airport,medium,high
1747,night,cloudy,downtown,medium,medium
1748,morning,cloudy,airport,low,medium
1749,evening,clear,airport,high,medium
1750,evening,rainy,suburbs,medium,medium
1751,night,snowy,suburbs,medium,medium
1752,night,clear,suburbs,high,low
1753,afternoon,clear,downtown,high,medium
1754,evening,clear,downtown,low,low
1755,morning,cloudy,suburbs,high,medium
1756,night,snowy,suburbs,low,medium
1757,morning,snowy,downtown,high,high
1758,morning,rainy,downtown,medium,medium
1759,evening,snowy,downtown,low,medium
1760,evening,snowy,downtown,low,medium
1761,night,clear,suburbs,low,low
1762,evening,rainy,downtown,high,high
1763,evening,snowy,suburbs,medium,medium
1764,evening,cloudy,airport,low,medium
1765,morning,snowy,airport,low,high
1766,night,clear,downtown,low,low
1767,afternoon,cloudy,airport,low,medium
1768,morning,clear,airport,medium,medium
1769,evening,snowy,airport,high,high
1770,morning,cloudy,downtown,medium,medium
1771,evening,rainy,downtown,low,medium
1772,evening,rainy,airport,medium,high
1773,morning,cloudy,suburbs,low,low
1774,night,cloudy,airport,high,medium
1775,evening,clear,downtown,high,medium
1776,night,cloudy,downtown,high,medium
1777,afternoon,clear,downtown,low,low
1778,evening,snowy,airport,medium,high
1779,night,clear,suburbs,high,low
1780,night,cloudy,downtown,low,low
1781,afternoon,cloudy,downtown,low,low
1782,night,snowy,airport,medium,high
1783,night,cloudy,suburbs,high,medium
1784,afternoon,cloudy,airport,low,medium
1785,evening,rainy,downtown,medium,medium
1786,night,rainy,suburbs,high,medium
1787,night,snowy,suburbs,medium,medium
1788,night,clear,downtown,medium,low
1789,morning,rainy,suburbs,low,medium
1790,afternoon,clear,suburbs,low,low
1791,morning,cloudy,airport,low,medium
1792,afternoon,rainy,downtown,medium,medium
1793,evening,snowy,downtown,low,medium
1794,evening,snowy,downtown,medium,high
1795,night,snowy,downtown,medium,medium
1796,afternoon,rainy,downtown,low,medium
1797,evening,clear,suburbs,high,medium
1798,afternoon,cloudy,airport,high,medium
1799,evening,clear,downtown,high,medium
1800,morning,clear,airport,medium,medium
1801,evening,cloudy,airport,medium,medium
1802,morning,cloudy,suburbs,medium,medium
1803,evening,rainy,downtown,low,medium
1804,night,rainy,suburbs,medium,medium
1805,morning,rainy,downtown,low,medium
1806,evening,rainy,suburbs,low,medium
1807,night,rainy,airport,high,high
1808,morning,cloudy,downtown,high,medium
1809,night,clear,airport,high,medium
1810,afternoon,rainy,airport,low,medium
1811,afternoon,rainy,suburbs,low,low
1812,morning,clear,downtown,low,low
1813,evening,rainy,airport,medium,high
1814,morning,clear,suburbs,low,low
1815,night,clear,downtown,high,medium
1816,evening,cloudy,downtown,high,medium
1817,afternoon,snowy,airport,low,medium
1818,evening,cloudy,downtown,low,medium
1819,afternoon,snowy,airport,high,high
1820,evening,snowy,downtown,low,medium
1821,evening,snowy,suburbs,high,high
1822,evening,rainy,airport,medium,high
1823,night,cloudy,airport,high,medium
1824,night,snowy,downtown,medium,medium
1825,morning,clear,downtown,low,low
1826,morning,rainy,airport,low,medium
1827,afternoon,cloudy,downtown,medium,medium
1828,night,snowy,suburbs,low,medium
1829,afternoon,clear,downtown,medium,low
1830,morning,cloudy,suburbs,low,low
1831,afternoon,cloudy,suburbs,high,medium
1832,morning,rainy,suburbs,low,medium
1833,night,cloudy,suburbs,high,medium
1834,evening,rainy,suburbs,high,medium
1835,night,snowy,downtown,medium,medium
1836,afternoon,rainy,suburbs,low,low
1837,afternoon,clear,downtown,medium,low
1838,night,rainy,suburbs,low,low
1839,night,clear,airport,high,medium
1840,morning,rainy,suburbs,high,medium
1841,afternoon,cloudy,airport,low,medium
1842,afternoon,snowy,suburbs,low,medium
1843,night,clear,suburbs,medium,low
1844,evening,rainy,suburbs,low,medium
1845,afternoon,rainy,airport,low,medium
1846,evening,rainy,airport,low,medium
1847,night,cloudy,suburbs,medium,low
1848,night,cloudy,downtown,low,low
1849,morning,clear,suburbs,high,medium
1850,afternoon,clear,airport,medium,medium
1851,evening,cloudy,suburbs,medium,medium
1852,morning,clear,airport,high,medium
1853,afternoon,snowy,airport,high,high
1854,morning,snowy,airport,high,high
1855,night,cloudy,suburbs,low,low
1856,afternoon,clear,airport,high,medium
1857,morning,rainy,airport,low,medium
1858,morning,snowy,suburbs,medium,medium
1859,evening,cloudy,airport,medium,medium
1860,morning,clear,suburbs,high,medium
1861,afternoon,cloudy,airport,low,medium
1862,afternoon,rainy,downtown,high,medium
1863,evening,snowy,downtown,high,high
1864,afternoon,cloudy,airport,low,medium
1865,night,cloudy,downtown,high,medium
1866,afternoon,cloudy,suburbs,medium,low
1867,afternoon,rainy,downtown,high,medium
1868,morning,cloudy,airport,low,medium
1869,morning,rainy,airport,low,medium
1870,afternoon,rainy,suburbs,medium,medium
1871,evening,rainy,airport,low,medium
1872,morning,snowy,suburbs,low,medium
1873,evening,snowy,downtown,medium,high
1874,afternoon,cloudy,downtown,high,medium
1875,afternoon,cloudy,suburbs,medium,low
1876,night,snowy,suburbs,high,medium
1877,morning,clear,airport,medium,medium
1878,afternoon,snowy,downtown,high,high
1879,night,rainy,suburbs,medium,medium
1880,morning,snowy,downtown,high,high
1881,afternoon,rainy,suburbs,medium,medium
1882,afternoon,cloudy,downtown,high,medium
1883,morning,clear,airport,medium,medium
1884,morning,cloudy,downtown,low,medium
1885,morning,rainy,downtown,high,high
1886,afternoon,rainy,downtown,medium,medium
1887,afternoon,rainy,downtown,high,medium
1888,night,clear,downtown,high,medium
1889,evening,snowy,airport,medium,high
1890,morning,cloudy,suburbs,high,medium
1891,afternoon,cloudy,downtown,medium,medium
1892,afternoon,snowy,airport,low,medium
1893,morning,cloudy,downtown,high,medium
1894,evening,clear,downtown,low,low
1895,morning,cloudy,suburbs,high,medium
1896,evening,rainy,downtown,high,high
1897,afternoon,snowy,airport,high,high
1898,evening,clear,airport,medium,medium
1899,night,snowy,suburbs,low,medium
1900,afternoon,clear,downtown,high,medium
1901,night,rainy,airport,medium,medium
1902,morning,snowy,downtown,high,high
1903,morning,cloudy,downtown,medium,medium
1904,morning,clear,downtown,high,medium
1905,evening,snowy,suburbs,low,medium
1906,afternoon,cloudy,downtown,low,low
1907,morning,snowy,airport,high,high
1908,morning,snowy,downtown,medium,high
1909,afternoon,snowy,airport,high,high
1910,morning,clear,downtown,medium,medium
1911,night,cloudy,airport,high,medium
1912,afternoon,rainy,airport,medium,medium
1913,afternoon,clear,downtown,low,low
1914,afternoon,clear,downtown,high,medium
1915,night,clear,airport,low,low
1916,afternoon,rainy,suburbs,low,low
1917,night,cloudy,downtown,high,medium
1918,afternoon,cloudy,suburbs,high,medium
1919,evening,cloudy,downtown,medium,medium
1920,morning,snowy,downtown,medium,high
1921,evening,snowy,downtown,low,medium
1922,morning,snowy,downtown,medium,high
1923,night,rainy,suburbs,medium,medium
1924,evening,snowy,downtown,high,high
1925,afternoon,rainy,airport,medium,medium
1926,morning,cloudy,airport,low,medium
1927,morning,snowy,suburbs,medium,medium
1928,evening,snowy,downtown,low,medium
1929,night,clear,airport,high,medium
1930,evening,rainy,suburbs,low,medium
1931,night,cloudy,downtown,medium,medium
1932,night,clear,airport,high,medium
1933,morning,clear,airport,medium,medium
1934,evening,cloudy,suburbs,high,medium
1935,evening,clear,downtown,high,medium
1936,night,rainy,downtown,medium,medium
1937,evening,rainy,airport,medium,high
1938,afternoon,snowy,airport,high,high
1939,afternoon,clear,airport,high,medium
1940,evening,snowy,downtown,medium,high
1941,evening,clear,suburbs,low,low
1942,night,rainy,suburbs,medium,medium
1943,afternoon,rainy,downtown,high,medium
1944,afternoon,rainy,suburbs,medium,medium
1945,morning,clear,airport,low,medium
1946,night,rainy,suburbs,medium,medium
1947,morning,clear,suburbs,high,medium
1948,afternoon,snowy,suburbs,medium,medium
1949,night,clear,airport,high,medium
1950,evening,snowy,downtown,high,high
1951,night,clear,airport,medium,medium
1952,evening,snowy,downtown,high,high
1953,evening,rainy,downtown,high,high
1954,night,snowy,downtown,low,medium
1955,evening,rainy,suburbs,low,medium
1956,morning,rainy,suburbs,low,medium
1957,afternoon,snowy,downtown,low,medium
1958,evening,clear,downtown,high,medium
1959,morning,clear,suburbs,medium,low
1960,evening,cloudy,airport,high,high
1961,afternoon,clear,downtown,high,medium
1962,morning,cloudy,airport,high,high
1963,afternoon,clear,suburbs,medium,low
1964,afternoon,clear,downtown,low,low
1965,morning,rainy,airport,high,high
1966,morning,cloudy,airport,high,high
1967,morning,clear,airport,low,medium
1968,night,cloudy,suburbs,high,medium
1969,morning,rainy,suburbs,medium,medium
1970,morning,rainy,airport,high,high
1971,morning,cloudy,airport,high,high
1972,morning,rainy,suburbs,low,medium
1973,evening,snowy,airport,high,high
1974,night,snowy,airport,high,high
1975,afternoon,rainy,suburbs,medium,medium
1976,morning,snowy,airport,low,high
1977,evening,clear,airport,low,medium
1978,evening,cloudy,airport,medium,medium
1979,evening,clear,suburbs,high,medium
1980,afternoon,cloudy,airport,low,medium
1981,morning,rainy,suburbs,low,medium
1982,night,clear,suburbs,high,low
1983,night,rainy,downtown,high,medium
1984,evening,rainy,downtown,low,medium
1985,afternoon,cloudy,airport,high,medium
1986,afternoon,cloudy,suburbs,low,low
1987,afternoon,cloudy,downtown,high,medium
1988,night,clear,airport,high,medium
1989,evening,snowy,downtown,medium,high
1990,morning,cloudy,downtown,high,medium
1991,night,cloudy,suburbs,medium,low
1992,evening,clear,suburbs,high,medium
1993,evening,cloudy,downtown,low,medium
1994,morning,clear,downtown,low,low
1995,morning,rainy,suburbs,high,medium
1996,morning,cloudy,airport,high,high
1997,afternoon,cloudy,suburbs,low,low
1998,morning,rainy,downtown,high,high
1999,evening,rainy,airport,medium,high
2000,morning,rainy,downtown,medium,medium
